{
  "project_info": {
    "project_number": "13748873168",
    "project_id": "projeto-imepac-kotlin",
    "storage_bucket": "projeto-imepac-kotlin.firebasestorage.app"
  },
  "client": [
    {
      "client_info": {
        "mobilesdk_app_id": "1:13748873168:android:9edb466cbec872b4c53bd5",
        "android_client_info": {
          "package_name": "com.example.projetoandroidaula"
        }
      },
      "oauth_client": [],
      "api_key": [
        {
          "current_key": "AIzaSyAUZxqg5gwPGQS4EzCuqI3Lr4ZcH7MP2o8"
        }
      ],
      "services": {
        "appinvite_service": {
          "other_platform_oauth_client": []
        }
      }
    }
  ],
  "configuration_version": "1"
}